<?xml version="1.0" encoding="UTF-8"?>
<con:soapui-project activeEnvironment="Default" name="SampleProject" resourceRoot="${projectDir}" soapui-version="5.0.0" abortOnError="false" runType="SEQUENTIAL" xmlns:con="http://eviware.com/soapui/config"><con:settings/><con:testSuite name="TestSuite 1"><con:settings/><con:runType>SEQUENTIAL</con:runType><con:testCase failOnError="true" failTestCaseOnErrors="true" keepSession="false" maxResults="0" name="TestCase 1" searchProperties="true"><con:settings/><con:testStep type="httprequest" name="Login"><con:settings/><con:config method="GET" xsi:type="con:HttpRequest" name="Login" xmlns:xsi="http://www.w3.org/2001/XMLSchema-instance"><con:settings><con:setting id="com.eviware.soapui.impl.wsdl.WsdlRequest@request-headers">&lt;xml-fragment/></con:setting></con:settings><con:endpoint>http://localhost:8080/</con:endpoint><con:request/><con:credentials><con:authType>No Authorization</con:authType></con:credentials><con:jmsConfig JMSDeliveryMode="PERSISTENT"/><con:jmsPropertyConfig/><con:parameters><con:parameter><con:name>username</con:name><con:value>ranjith</con:value><con:style>QUERY</con:style></con:parameter><con:parameter><con:name>password</con:name><con:value>123456</con:value><con:style>QUERY</con:style></con:parameter></con:parameters></con:config></con:testStep><con:properties/></con:testCase><con:properties/></con:testSuite><con:testSuite name="TestSuite 2"><con:settings/><con:runType>SEQUENTIAL</con:runType><con:testCase failOnError="true" failTestCaseOnErrors="true" keepSession="false" maxResults="0" name="TestCase 1" searchProperties="true"><con:settings/><con:testStep type="httprequest" name="HTTP Test Request"><con:settings/><con:config method="GET" xsi:type="con:HttpRequest" name="HTTP Test Request" xmlns:xsi="http://www.w3.org/2001/XMLSchema-instance"><con:settings><con:setting id="com.eviware.soapui.impl.wsdl.WsdlRequest@request-headers">&lt;xml-fragment/></con:setting></con:settings><con:endpoint>https://signin.ebay.co.uk/ws/eBayISAPI.dll?SignIn&amp;ru=http%3A%2F%2Febay.co.uk%2Fsignin</con:endpoint><con:request/><con:credentials><con:authType>No Authorization</con:authType></con:credentials><con:jmsConfig JMSDeliveryMode="PERSISTENT"/><con:jmsPropertyConfig/><con:parameters><con:parameter><con:name>SignIn</con:name><con:style>QUERY</con:style></con:parameter><con:parameter><con:name>ru</con:name><con:value>http://ebay.co.uk/signin</con:value><con:style>QUERY</con:style><con:default>http://ebay.co.uk/signin</con:default></con:parameter></con:parameters></con:config></con:testStep><con:properties/></con:testCase><con:properties/></con:testSuite><con:testSuite name="TestSuite 3"><con:settings/><con:runType>SEQUENTIAL</con:runType><con:testCase failOnError="true" failTestCaseOnErrors="true" keepSession="false" maxResults="0" name="TestCase 1" searchProperties="true"><con:settings/><con:testStep type="httprequest" name="HTTP Test Request"><con:settings/><con:config method="GET" xsi:type="con:HttpRequest" name="HTTP Test Request" postQueryString="false" mediaType="application/xml" sslKeystore="" xmlns:xsi="http://www.w3.org/2001/XMLSchema-instance"><con:settings><con:setting id="com.eviware.soapui.impl.wsdl.WsdlRequest@request-headers">&lt;xml-fragment/></con:setting><con:setting id="com.eviware.soapui.impl.support.AbstractHttpRequest@follow-redirects">true</con:setting></con:settings><con:endpoint>http://login.yahoo.com/</con:endpoint><con:request>
</con:request><con:credentials><con:username>ranjith</con:username><con:password>123456</con:password><con:authType>No Authorization</con:authType></con:credentials><con:jmsConfig JMSDeliveryMode="PERSISTENT"/><con:jmsPropertyConfig/><con:parameters/></con:config></con:testStep><con:properties/></con:testCase><con:properties/></con:testSuite><con:properties/><con:wssContainer/><con:oAuth2ProfileContainer/></con:soapui-project>